,word1,word2,prediction
0,abandon,frost,-0.6650765093107842
1,abandon,railroad,-0.6945901906453451
2,abortion,religion,-0.40009174492865207
3,abstract,candle,-0.5430418946982871
4,abstract,frog,-0.5505275511328098
5,abstract,moon,-0.6124608281500192
6,abstract,rally,-0.7588713329610618
7,abuse,abuse,-0.0
8,abuse,disorder,-0.41994923914538484
9,accommodate,adjust,-0.42101791369337294
10,accommodation,accommodation,-0.0
11,accompany,walking,-0.699538409684259
12,account,explanation,-0.45373346223283817
13,account,invoice,-0.33599159846679316
14,act,improvement,-0.7055128167347675
15,action,adjustment,-0.43935766375680874
16,action,entrance,-0.7981318298223606
17,activity,solo,-0.84600346696844
18,activity,variation,-0.6436792752066148
19,actor,amateur,-0.4391005958826526
20,ad,track,-0.704565457517102
21,add,increased,-0.7825796416423201
22,add,string,-0.6622227780464777
23,addition,segment,-0.4226055741117327
24,admitting,confess,-0.3257926144457244
25,adult,dentist,-0.5893773770651674
26,advance,advance,-0.0
27,advance,string,-0.6060284964260997
28,advice,recommendation,-0.5188762547517636
29,advised,murder,-0.7482080478145872
30,aerial,clown,-0.7219095209221238
31,africa,territory,-0.5422021663287453
32,age,history,-0.5503493916332454
33,agency,police,-0.49152418652823116
34,aim,intending,-0.44096622800537355
35,air,cold,-0.5302536355456916
36,air,plasma,-0.5745251492262233
37,air,satellite,-0.5516580922572867
38,aircraft,fleet,-0.25716325355795844
39,aircraft,flight,-0.31127310467226066
40,aircraft,yacht,-0.5729732365562601
41,airplane,plane,-0.0831334193292872
42,ale,bitter,-0.5368824437417221
43,alley,street,-0.2314870473685342
44,aluminum,component,-0.5181712809942612
45,aluminum,imperative,-0.835624029260124
46,american,lobster,-0.814593112144768
47,ammunition,intolerable,-0.8704931706244143
48,amount,number,-0.2671604121552198
49,amounted,make,-0.6459825549388787
50,amusement,athletics,-0.7077579163622513
51,amusement,procedure,-0.8329111435817962
52,anatomy,palm,-0.6626403680743742
53,ancient,city,-0.6009397081708913
54,angel,asphalt,-0.7019096069347641
55,angel,pod,-0.6235618264756689
56,angrier,stormy,-0.6805170675053485
57,animal,asia,-0.7890529188379793
58,animal,flora,-0.4135483911517468
59,animal,giraffe,-0.3756882654194318
60,animal,mural,-0.5981588486654821
61,animal,wild,-0.35051473667995514
62,animal,worm,-0.3506243504943971
63,animal,zoo,-0.34463058155448445
64,anniversary,marriage,-0.606995657850667
65,answering,counter,-0.6638926584913687
66,anxiety,insecurities,-0.32148806893809634
67,apartment,staircase,-0.3849273209312877
68,appliance,dryer,-0.44878217712201207
69,appreciate,see,-0.3099553042989315
70,approach,avenue,-0.8167377459140016
71,approach,merit,-0.6259968583530078
72,approach,trench,-0.717820342356208
73,approval,encouragement,-0.535660070878611
74,approving,interaction,-0.7034741852887196
75,aquarium,coin,-0.6768862410613843
76,arch,brick,-0.3719783436799561
77,arch,roof,-0.390057938038025
78,architecture,urban,-0.3493632592523207
79,area,space,-0.4933213884336589
80,argument,evidence,-0.4259742173089017
81,arm,bicycle,-0.5076311490697993
82,arm,television,-0.7985814100387834
83,arrange,discard,-0.23678648232581279
84,arrange,study,-0.8204400789119047
85,arrangement,blizzard,-0.7661612083925433
86,arrangement,room,-0.703198631124692
87,art,craft,-0.4909868473152692
88,art,gem,-0.4307540314057965
89,art,museum,-0.26668597580567877
90,art,painting,-0.22580223340733185
91,article,cup,-0.9448150736240678
92,article,girl,-0.8499613445246165
93,ash,bone,-0.6283884093926884
94,ash,coil,-0.5552867486429394
95,asphalt,crane,-0.5195172108155011
96,asphalt,water,-0.41862848804801644
97,assets,exclude,-0.64151479677014
98,association,organization,-0.3694253597552376
99,association,realtor,-0.6321084311160395
100,asylum,dollar,-0.8028601941590681
101,asylum,shelter,-0.5109345534437616
102,athletics,racing,-0.3580464050976945
103,athletics,swimming,-0.4347341012983488
104,attempt,give,-0.7865867078825138
105,attempt,initiate,-0.6595724265159362
106,attitude,notice,-0.5801462408109526
107,attitude,study,-0.7282292942705286
108,attorney,lawyer,-0.03819082288143982
109,auto,bright,-0.8194088314265532
110,automobile,fabric,-0.6847529110642907
111,automobile,racing,-0.5098416691243094
112,autumn,foliage,-0.2374744070358732
113,autumn,hat,-0.6413702067346598
114,autumn,sunshine,-0.2337526991425649
115,autumn,winter,-0.17541972632829017
116,award,citation,-0.2880756585632587
117,baby,treat,-0.5938679610132981
118,back,lumbar,-0.5259366153410097
119,back,shifting,-0.6514022888164301
120,bacon,bread,-0.11398876533110436
121,bacon,pepper,-0.16469733974022338
122,bacon,salad,-0.133815293223558
123,bacon,tomato,-0.10617856897671074
124,bacon,wild,-0.48543992100853406
125,bag,cop,-0.5811819164382332
126,bag,flag,-0.5044312631309378
127,bakery,cake,-0.3478946131792412
128,bakery,vehicle,-0.7034462221077183
129,balance,gauge,-0.4269791254113653
130,banana,salad,-0.2182241215213514
131,band,guitar,-0.17712842123346073
132,band,metal,-0.5493922419694219
133,band,play,-0.5430825765537728
134,band,uniform,-0.563704850190289
135,band,vinyl,-0.529046771324196
136,bank,smell,-0.8692088322491495
137,bankruptcy,enterprise,-0.5696778500728714
138,bar,diner,-0.2448216914514072
139,bar,ship,-0.7175071156394345
140,bar,stair,-0.5523624650033598
141,bar,sushi,-0.29588146216108857
142,barn,food,-0.6550371438872356
143,barrel,gallon,-0.2008330245888743
144,base,club,-0.5897493076113618
145,baseball,born,-0.7936124416695777
146,baseball,cactus,-0.6801564361892778
147,baseball,game,-0.35541393268005284
148,baseball,hockey,-0.20476613716019332
149,baseball,season,-0.5131027643346637
150,basket,dinner,-0.561508185482579
151,basketball,lesson,-0.7336840158463962
152,basketball,squash,-0.7095212564948743
153,bat,bats,-0.2081398966727005
154,bath,bedroom,-0.3247414847309752
155,bath,floor,-0.3506767917821546
156,bath,hot,-0.3604914205651183
157,bath,sleep,-0.5293147881767923
158,bathroom,chamber,-0.4303808603223621
159,bay,curve,-0.7533746362812633
160,bay,harbour,-0.3219476243532766
161,beach,cliff,-0.4285008114478963
162,beach,pebble,-0.45621109370626955
163,bead,chess,-0.6930338698824617
164,bead,gold,-0.5231574460372952
165,bead,redhead,-0.6479676442049804
166,beam,column,-0.5736389989370313
167,beard,hair,-0.1985944595445681
168,beat,meter,-0.6036594176843082
169,bed,candy,-0.49066444479557936
170,bed,floor,-0.30199830910232883
171,bed,furniture,-0.4532572872333206
172,bed,layer,-0.4354660561463153
173,bed,pillow,-0.18258239645386953
174,bed,relax,-0.47414528681629053
175,bed,sitting,-0.260853969398104
176,bed,staircase,-0.4495182337476692
177,bedroom,canyon,-0.6271867840058676
178,bedroom,ceiling,-0.3266533962333459
179,bedroom,cell,-0.639000994257286
180,bedroom,construction,-0.7703657872922867
181,bedroom,door,-0.24811716001834472
182,bedroom,downtown,-0.6274632188027613
183,bedroom,room,-0.14704567068480323
184,bedroom,stair,-0.4243655646168627
185,bedroom,staircase,-0.31420504532241134
186,beef,chicken,-0.07286925483768125
187,beef,lamb,-0.10406330223352789
188,beef,pepper,-0.23563022127309918
189,beef,potato,-0.1392205550403519
190,beer,patio,-0.5089326326103922
191,beer,wild,-0.5358508997131325
192,being,characters,-0.692123502410275
193,believe,week,-0.9203694645397221
194,belly,black,-0.3963835024430452
195,belly,dance,-0.4907988543871554
196,belly,dark,-0.38198731221996274
197,belly,field,-0.6455621002537668
198,belly,stripe,-0.4580195650644526
199,bench,game,-0.4158695657461511
200,benefited,get,-0.7879723675414128
201,bent,double,-0.5600812485431936
202,bent,inclination,-0.5217535166324034
203,berlin,germany,-0.440683166743858
204,berry,blossom,-0.3997843258309688
205,berry,bright,-0.5495239157690064
206,berry,dessert,-0.3906178914981976
207,berry,ivy,-0.5111487548928535
208,berry,raspberry,-0.3061341972414312
209,berry,seed,-0.5063359699687785
210,berry,sweet,-0.3528902376878055
211,bias,prejudice,-0.12827262077098067
212,bible,misty,-0.6766869694702204
213,bicycle,green,-0.5711527700419552
214,bigger,large,-0.3255934849736879
215,bike,chopper,-0.49578889543962756
216,bikini,ivy,-0.5904006967829223
217,bin,cup,-0.9140363943398137
218,bird,cock,-0.38161668119949277
219,bird,dragonfly,-0.4207520020935185
220,bird,flamingo,-0.4848652609934495
221,bird,goose,-0.2612089024123797
222,bird,insect,-0.30403355410388366
223,bird,reptile,-0.26353153280630903
224,bird,shade,-0.49551250534688474
225,bird,solid,-0.6716438514852503
226,bishop,priest,-0.21533433272978142
227,bishop,radical,-0.7555392216630785
228,bishop,wine,-0.8754055518643722
229,bit,curb,-0.748557876083934
230,bit,tool,-0.6227129491264034
231,bitter,taste,-0.5047335312267487
232,black,blue,-0.12721857940915504
233,black,bright,-0.24267459529297108
234,black,brown,-0.31958078934450496
235,black,cigarette,-0.5626074942740245
236,black,juvenile,-0.7171804093260236
237,black,skirt,-0.188824155786676
238,black,white,-0.0934636680812524
239,blast,smashing,-0.43762571305035536
240,blaze,pig,-0.7047743700748799
241,blessing,patronage,-0.4693930272855307
242,blizzard,rash,-0.3302445504543676
243,block,hinder,-0.3403895449085349
244,blonde,haircut,-0.30483594767674005
245,blonde,wig,-0.27337546400293966
246,bloom,flower,-0.21137419711689864
247,bloom,friend,-0.60202545509182
248,bloom,plant,-0.4531976846561725
249,bloom,purple,-0.39201421985680274
250,blossom,bud,-0.4301918698034578
251,blossom,cherry,-0.23323317511800268
252,blossom,daisy,-0.3228808478727937
253,blossom,foliage,-0.25418885630307064
254,blossom,orange,-0.2984995396497542
255,blossom,petal,-0.2595519649048008
256,blossom,purple,-0.32765188757181896
257,blow,contact,-0.6656086493672879
258,blow,swat,-0.5866463240881636
259,blowing,smoking,-0.5208253306316392
260,blue,colour,-0.44305115958026287
261,blue,happy,-0.8142084372614072
262,blue,report,-0.8312163005739928
263,blue,shade,-0.2531132813570913
264,blue,skirt,-0.20646370687983784
265,blues,rhythm,-0.27944016095622115
266,blur,focus,-0.5338609823950355
267,blur,metro,-0.6598856093192963
268,board,deal,-0.5134023220116752
269,boardwalk,park,-0.24901965298455653
270,boast,complain,-0.44397761280792725
271,boat,negro,-0.7989969475208984
272,boat,shore,-0.28865100757048556
273,bold,forward,-0.6833580881235115
274,bold,leader,-0.8261351803000216
275,bone,skull,-0.21062344035442981
276,book,building,-0.8281111165480705
277,book,smoking,-0.7739860331640515
278,booklet,reference,-0.3862718991041305
279,boot,kick,-0.39227428254971164
280,boot,punch,-0.40566011128567525
281,bootleg,produce,-0.5419258114474286
282,bootleg,whiskey,-0.3718371920322897
283,born,construction,-0.7914522955788473
284,born,mother,-0.38595744076003236
285,born,subway,-0.7899405045989165
286,bottle,wine,-0.25829854132584584
287,bound,line,-0.4689730056113708
288,bound,skirt,-0.5836631557781908
289,bowling,wheel,-0.6233542868702082
290,boxer,stair,-0.6738048830726605
291,boxing,hit,-0.7283336301869472
292,boy,hand,-0.5535064761336681
293,boy,live,-0.6033673767275427
294,bracelet,jewelry,-0.3181424341383652
295,bracelet,mountain,-0.7225816488752189
296,brain,head,-0.5867726248010556
297,brake,click,-0.6355082942593845
298,branch,tea,-0.6668636637101462
299,brass,executive,-0.8367450897913244
300,brazil,nut,-0.7636037134116983
301,brazil,triple,-0.6964390919865151
302,bread,bun,-0.21815361863459237
303,bread,cooking,-0.20490142751342977
304,bread,cover,-0.4352993781790401
305,bread,dessert,-0.14311262232445443
306,bread,egg,-0.09693349615089808
307,bread,medicine,-0.7687705454124737
308,break,glittering,-0.6694218065021944
309,break,scattered,-0.6519570835241377
310,breakfast,diner,-0.25648830672170575
311,breakfast,evening,-0.5110885264102694
312,breakfast,lunch,-0.07220732707419064
313,breakfast,makeup,-0.7532152968664673
314,breakfast,morning,-0.584708333432011
315,breakfast,people,-0.8272527353176858
316,breakfast,relax,-0.601374204977105
317,brick,cement,-0.26771714712845596
318,brick,construction,-0.4995685299544407
319,brick,skyscraper,-0.3679108884158967
320,bride,photographer,-0.464198266691372
321,bright,dark,-0.15935286812365235
322,bright,fruit,-0.5231183289453325
323,bright,mist,-0.4473162850458243
324,bright,raspberry,-0.4672364722078518
325,bright,shade,-0.24635947102637645
326,bright,sky,-0.30385794726988735
327,bring,presenting,-0.6424586685408464
328,bring,return,-0.3752929465860755
329,broadcast,packet,-0.6755045899233931
330,bronze,sculpture,-0.3881478347212446
331,bronze,suspicion,-0.8822131223076639
332,brown,green,-0.2220552687903008
333,brown,hawk,-0.5524424897948617
334,brown,purple,-0.36769536722309615
335,brown,white,-0.24916924903610616
336,brussels,sweden,-0.6318559707610143
337,bucket,water,-0.289600266761579
338,bud,flower,-0.4539449840169978
339,bud,ivy,-0.42493271496101026
340,budget,fund,-0.5347612659573264
341,budget,scale,-0.5681601513757633
342,bug,insect,-0.1971932006630519
343,building,cafe,-0.5977829690170243
344,building,construction,-0.18974091818412975
345,building,downtown,-0.30859586394614524
346,building,floor,-0.40459094686907104
347,building,ministry,-0.8175275481954537
348,building,tall,-0.5560303869668499
349,building,zombie,-0.8461408468054309
350,burger,cooking,-0.4172462696669028
351,burger,dessert,-0.3288916635949767
352,burger,salad,-0.28556576043457893
353,burger,soup,-0.30482399621492584
354,burn,fire,-0.3353855562619956
355,burn,ripple,-0.5769914065942403
356,bus,rail,-0.22467436204018687
357,business,railway,-0.657042389105702
358,butter,stick,-0.43232585501430176
359,butterfly,caterpillar,-0.542026988980594
360,butterfly,dragonfly,-0.3338832292021049
361,butterfly,glittering,-0.44786416197803547
362,button,sticker,-0.4519053141140946
363,cafe,child,-0.758766225590435
364,cafe,coffee,-0.33275253943639493
365,cafe,dinner,-0.33892498670748217
366,cafe,donut,-0.45772579938792923
367,cafe,lunch,-0.2902349029550799
368,cafe,pub,-0.15972250141411526
369,cafe,reflection,-0.7580811129710623
370,cafe,relax,-0.6415500091890154
371,cafe,shop,-0.30806898306219377
372,cafe,spiral,-0.6869026271819085
373,cake,christmas,-0.509816470114802
374,call,meeting,-0.6865278743576932
375,call,statement,-0.6143407208728813
376,call,telephone,-0.3517524437021584
377,camel,desert,-0.5330880289985802
378,camp,camp,-0.0
379,campaign,conspiracy,-0.6757744714830359
380,can,sketch,-0.6794397005756186
381,candidate,republic,-0.723904148646977
382,canine,dog,-0.31425121984276383
383,canyon,landscape,-0.46035143195311967
384,canyon,river,-0.16641889000335452
385,car,insurance,-0.7007169962286582
386,car,pig,-0.6959182068292343
387,car,skull,-0.6646476827024004
388,card,playing,-0.6890092650498014
389,card,see,-0.7131878117892304
390,carrier,carrier,-0.0
391,carrier,traveler,-0.6211667549203904
392,carrier,vehicle,-0.6046397198378375
393,carrot,memorial,-0.8878657695077837
394,carrot,salad,-0.1079041592443537
395,cart,wagon,-0.31264412825380283
396,cartoon,wit,-0.4888223415142311
397,case,clients,-0.8498671042779089
398,cast,cast,-0.0
399,cast,shoot,-0.555393799874404
400,castle,patio,-0.4334597593162616
401,castle,ruin,-0.5764815554549176
402,cat,garden,-0.5761897104225115
403,catch,catching,-0.215967331736458
404,catch,hooks,-0.4305272735078751
405,catching,perceive,-0.6444699109009977
406,catching,playing,-0.4587171028481981
407,category,flavor,-0.7062523323173517
408,catering,loan,-0.7387370484630766
409,caterpillar,paint,-0.6315786221095827
410,cathedral,step,-0.7568362411854224
411,cattle,goat,-0.48733445898518124
412,cattle,web,-0.8865769191101708
413,cautious,film,-0.7936462338723578
414,ceiling,marble,-0.229406182661676
415,ceiling,mug,-0.6250614747283401
416,ceiling,room,-0.3712927466591903
417,ceiling,staircase,-0.24507819638848793
418,ceiling,wall,-0.22505477314344247
419,cell,membrane,-0.41574387780558364
420,cemetery,grave,-0.37436238272701106
421,cemetery,memorial,-0.21508737819482748
422,center,center,-0.0
423,center,refer,-0.7578791289335353
424,century,period,-0.6630568724910717
425,century,temperature,-0.8556346749402419
426,ceramic,floor,-0.4057193152920644
427,chance,fortune,-0.5163352657554392
428,chance,opportunity,-0.19608529115418694
429,chance,ring,-0.6829743993390525
430,change,laundering,-0.8172462180763183
431,change,transforming,-0.5027100329823522
432,change,yielding,-0.6242763893338027
433,channel,sound,-0.67077608465743
434,chaos,death,-0.5468614889552914
435,chapel,porch,-0.42159321220530077
436,chapel,ruin,-0.6332959241433495
437,charcoal,fuel,-0.5961170195978133
438,charge,damage,-0.684363048427094
439,charge,sentence,-0.33583541113454707
440,checked,checked,-0.0
441,cheer,musician,-0.6597834502729785
442,cheese,food,-0.3984078517888242
443,cheetah,flame,-0.7049265660397401
444,chemical,intermediate,-0.6163188006757563
445,chemistry,patient,-0.6977482144479565
446,cherry,fruit,-0.1719456214230255
447,cherry,grape,-0.13880151550970754
448,cherry,lamb,-0.2965067551836481
449,cherry,meat,-0.39651364925635757
450,cherry,orange,-0.1480362098485628
451,cherry,raspberry,-0.1231925395062533
452,chess,family,-0.7006556662563076
453,chess,toy,-0.5698907601457732
454,chicken,lamb,-0.07442261863098787
455,chicken,poultry,-0.33405936784117896
456,chief,guru,-0.33607206690833036
457,child,lad,-0.4348831164771554
458,child,street,-0.7838316250399263
459,chile,plate,-0.4654649979397043
460,chocolate,rock,-0.621196103033152
461,choice,option,-0.24335459875632293
462,chopper,poppy,-0.6849032485852677
463,chord,play,-0.6014189799444573
464,christmas,valentine,-0.5607146410469772
465,church,porch,-0.6440945351364677
466,church,temple,-0.20881109330541658
467,circle,oval,-0.34853147532020456
468,circle,sport,-0.5767497698978821
469,city,round,-0.7974602519453858
470,city,ruin,-0.729070692107296
471,city,sidewalk,-0.6187712634398201
472,city,square,-0.4251717458688742
473,city,urban,-0.5108195424078723
474,class,sex,-0.5001120378191046
475,cliff,coast,-0.5545774813669397
476,cliff,harbour,-0.4016302788063265
477,cliff,waterfall,-0.3417240960228183
478,clinic,session,-0.7304693609496249
479,clock,timer,-0.31360780737337624
480,close,short,-0.46900253665529335
481,closed,closed,-0.0
482,closed,state,-0.7687466678307119
483,closed,up,-0.6263144152649811
484,closing,closing,-0.0
485,closing,finale,-0.5907877596020545
486,clothes,short,-0.5221170207113548
487,cloud,energy,-0.7387771865619699
488,club,hockey,-0.3962147774180206
489,club,shirt,-0.7448301000402636
490,clubhouse,pop,-0.6132978401728834
491,clue,parish,-0.8137481520952565
492,coast,scenery,-0.667306981536635
493,coast,sunk,-0.4324302052537411
494,coast,zebra,-0.7754986951878244
495,coat,resurfacing,-0.7732877647779887
496,coat,roof,-0.5021931519387481
497,cock,penis,-0.5578424429990205
498,cocktail,garage,-0.7053649292179449
499,cocktail,restaurant,-0.37981693786038895
500,coffee,meeting,-0.8607387957365732
501,coffee,tea,-0.08633867313562682
502,coin,gold,-0.39042655137862514
503,coin,silver,-0.41792742856637854
504,coin,ticket,-0.5238478746086366
505,cold,mist,-0.3353723485605521
506,cold,rain,-0.45522416660734
507,cold,silver,-0.7283817407900952
508,cold,sunny,-0.4473086247272088
509,cold,sunshine,-0.3533490349801909
510,cold,water,-0.32027824206046296
511,cold,weather,-0.4129082973694197
512,cold,winter,-0.3667094618498924
513,coldness,cool,-0.5359367852528125
514,collage,exhibition,-0.4539805606536991
515,collage,paint,-0.443338597788396
516,collage,sculpture,-0.30033325578791104
517,collage,stream,-0.6454144708903904
518,collapse,shock,-0.40796887798444725
519,collar,tiger,-0.549158236628147
520,collect,collect,-0.0
521,collect,scrape,-0.5989914604979905
522,collection,library,-0.4141858884798788
523,collection,packet,-0.6237934457931673
524,color,quality,-0.48199087887706127
525,color,wash,-0.508853535132042
526,colorful,outfit,-0.35745238570764626
527,colorful,shot,-0.7477716976447948
528,colorful,toy,-0.41470172013860307
529,colorful,wood,-0.4125967149013897
530,colors,emblem,-0.5013838758571105
531,colour,grey,-0.47298766974021567
532,colour,shade,-0.37829990890935616
533,comfort,relief,-0.4578386100778663
534,comment,mention,-0.3675728438461944
535,commercial,manufacture,-0.4446025766746494
536,commitment,guarantee,-0.4610811449728175
537,communication,theater,-0.7805201151972967
538,compact,short,-0.4882728967434846
539,company,distributor,-0.22755662139417876
540,compartment,stalls,-0.5661057108705898
541,compatible,software,-0.2861678999377675
542,competes,race,-0.5196662666244453
543,compound,enhance,-0.8521981261307672
544,compound,whole,-0.7843762370131944
545,computer,lab,-0.5079195234830649
546,computer,number,-0.7285789240747146
547,computer,platform,-0.5407489813242101
548,computer,railway,-0.7214256290181541
549,concentration,focus,-0.47128412259812325
550,concert,jazz,-0.23800423137876348
551,concert,sing,-0.4212785698312056
552,concerts,settle,-0.8871636088833579
553,conclusion,judgment,-0.3145679740460505
554,conclusion,situation,-0.34211962100584026
555,concoct,request,-0.8182035767414227
556,concrete,interior,-0.5400177532365249
557,concrete,pin,-0.6018258383924895
558,cone,palm,-0.6370793052717922
559,congress,sex,-0.7400897878565003
560,connection,keyboard,-0.6588477503391508
561,consequences,position,-0.5646094170353275
562,consistency,phase,-0.7039824009323306
563,construction,downtown,-0.4895578579515618
564,construction,interior,-0.6123092356376377
565,contact,print,-0.6847600722715743
566,control,driving,-0.6383136536668039
567,cooking,dessert,-0.2614583400744892
568,cooking,eat,-0.3252591463456145
569,cooking,food,-0.3049338520460352
570,cooking,frozen,-0.3034090757024418
571,cooking,salad,-0.23159958804435554
572,cool,cool,-0.0
573,cool,jazz,-0.6289369205200538
574,cool,state,-0.8918499278876514
575,cop,dirty,-0.44022819868004615
576,cop,music,-0.6220482312295508
577,cop,ruin,-0.5407554549672439
578,cord,eclipse,-0.7263696517377928
579,corn,pepper,-0.22197258502319372
580,cost,price,-0.20088611717201688
581,costume,halloween,-0.34273755251880733
582,costume,radiation,-0.8648707945535671
583,cottage,patio,-0.30900508313500596
584,council,minister,-0.4930604305173194
585,count,investigation,-0.5433871746352952
586,count,number,-0.49563616658104814
587,counter,furniture,-0.5758677159661101
588,counter,negative,-0.6351651679026435
589,couple,family,-0.4105087666890329
590,couple,makeup,-0.644127642962585
591,couple,race,-0.6799839471160534
592,cousin,relation,-0.5823598890438804
593,cover,feather,-0.5486540121893374
594,cover,sleeve,-0.5528476088951237
595,covering,skin,-0.41041111585423784
596,cowboys,ranch,-0.7558029190471485
597,crack,cracking,-0.2164120298955412
598,cracking,noise,-0.41513162883082155
599,cracking,sound,-0.49995618344791104
600,craft,game,-0.7867518926482183
601,crane,stair,-0.49099039482847895
602,crash,swing,-0.6742521154780459
603,creation,stitch,-0.6591069855656153
604,credit,flap,-0.7715368796812734
605,credit,foundation,-0.6185638728844084
606,crew,unit,-0.6038870748968673
607,critic,reviewers,-0.5675635797963556
608,crochet,family,-0.7447795427004211
609,crochet,jewelry,-0.5818582185996476
610,crochet,knitting,-0.20993998813866954
611,cross,mug,-0.5374031184144605
612,cross,post,-0.5066183986650209
613,cross,pub,-0.6098059563912275
614,cross,shopping,-0.7071207926881345
615,crush,push,-0.4560827151476867
616,crush,split,-0.386709977416014
617,crystal,spiral,-0.48683928890720873
618,cube,dice,-0.312259045995289
619,cup,handbag,-0.832532817328878
620,curb,smother,-0.46963383113297874
621,curb,train,-0.710988597923955
622,current,flow,-0.4012288219067621
623,cut,gore,-0.819296395562299
624,cute,fashion,-0.46713667301597817
625,cute,friend,-0.5936681689319117
626,cute,fun,-0.33746339930861635
627,cute,haircut,-0.3651761246578109
628,cylinder,pen,-0.600844160603651
629,daisy,foliage,-0.4956490740951176
630,daisy,grass,-0.5194581635055888
631,daisy,petal,-0.37860815524600555
632,dance,hotel,-0.6942177271572183
633,dandelion,foliage,-0.439101312346001
634,dandelion,grass,-0.3778010333926026
635,dandelion,petal,-0.465803458295757
636,danger,status,-0.6096244866565356
637,dark,flamingo,-0.6202730705540357
638,dark,pod,-0.5154173825296942
639,dark,white,-0.1888465333333541
640,dashboard,protection,-0.7863141891132875
641,daughter,graphic,-0.8362093092624276
642,daughter,pub,-0.7167077745285698
643,dawn,day,-0.4241272783488105
644,day,glide,-0.7465134175562345
645,day,horse,-0.7448981637601035
646,day,independence,-0.7001526005705234
647,day,night,-0.36807364765183426
648,day,sunny,-0.5397955385022071
649,day,sunset,-0.5369412219756085
650,day,weather,-0.6228377467408144
651,dead,sidewalk,-0.5733899750787745
652,deaf,people,-0.5538468987846824
653,death,funeral,-0.4951138527934852
654,decision,option,-0.5292008047632599
655,decoration,tulip,-0.4464342222835562
656,defeat,ending,-0.5403394704431304
657,defeated,people,-0.90965772313991
658,degree,quantity,-0.5929952574970877
659,demand,supply,-0.26051731251341725
660,demolition,interior,-0.6313035284389636
661,demolition,skyscraper,-0.43344289700394123
662,demolition,tall,-0.6971367781627427
663,desert,mountain,-0.16077411652581353
664,deserve,merit,-0.18662629441474554
665,deserve,want,-0.4288798650806197
666,design,graphic,-0.5526905240346038
667,design,orange,-0.6759126251766645
668,designation,recognition,-0.37054964474705365
669,designs,intend,-0.7955196375385333
670,dessert,head,-0.7418492978250327
671,dessert,salad,-0.11506691707108929
672,determination,selection,-0.6963114348359606
673,development,twist,-0.7481913882021323
674,diamond,parade,-0.6300194917836499
675,diamond,short,-0.5753336954578607
676,diamond,stencil,-0.7204585194899978
677,difficulty,problem,-0.30483377832180314
678,digit,toe,-0.5675640942029949
679,dilute,market,-0.5530506892524271
680,dinner,sitting,-0.5642771413784416
681,dinner,sleep,-0.6717996538594142
682,direction,direction,-0.0
683,direction,traveling,-0.7646243991110538
684,dirt,racing,-0.6639543910221695
685,dirt,road,-0.3900810331940133
686,dirt,sand,-0.13077853397926698
687,dirty,dude,-0.4443988689532816
688,dirty,rabbit,-0.5338714106867909
689,dirty,washing,-0.27573601833326744
690,discharge,spread,-0.630272855410816
691,discipline,discipline,-0.0
692,disk,dot,-0.5865597391679689
693,display,stick,-0.6861878220504599
694,dissipate,isolate,-0.5585953198529303
695,distinction,sword,-0.6277874619567811
696,distinguish,medal,-0.7991529250917868
697,distinguish,sex,-0.582283816909011
698,disturbance,upset,-0.6125618421324277
699,diversion,skiing,-0.6422616882478055
700,dock,herb,-0.6757933534397936
701,dog,husky,-0.44615757054717364
702,dog,secretary,-0.8939386264960325
703,doll,new,-0.5442018022718996
704,dome,interior,-0.47815032438904337
705,dome,uniform,-0.6508133099309215
706,donut,panda,-0.580645768000728
707,door,interior,-0.5619015037380846
708,door,porch,-0.2965636584845208
709,door,room,-0.3101453514506963
710,downtown,field,-0.6167211070456047
711,downtown,hockey,-0.7995925155989799
712,downtown,ruin,-0.6969034289890929
713,downtown,shopping,-0.3517024730333922
714,downtown,subway,-0.35183161157127985
715,drag,drawing,-0.5368918838890582
716,dragon,drop,-0.7074862046343255
717,dragonfly,frog,-0.3202809811168771
718,dragonfly,insect,-0.3398413303745814
719,draw,draw,-0.0
720,draw,entertainer,-0.7619335123434261
721,dress,match,-0.7282978174208299
722,dress,neckline,-0.16474943730856983
723,dress,outfit,-0.126845483154992
724,dressing,patch,-0.5049753116451685
725,drill,implement,-0.6945647599531202
726,drink,turn,-0.5835575574915477
727,dripping,hot,-0.34579734405054685
728,dripping,round,-0.7463501968013978
729,dripping,wet,-0.2732038258800712
730,drive,drive,-0.0
731,drive,operate,-0.5352206976410143
732,drop,drop,-0.0
733,drop,measure,-0.6168075999749991
734,drop,sink,-0.4749457361949334
735,dropping,dropping,-0.0
736,drought,time,-0.6649144380358246
737,drug,reflection,-0.8407279630146366
738,drug,sing,-0.9203434475221315
739,drug,wolf,-0.8706749029887607
740,dude,fun,-0.35599505093121464
741,dude,hanging,-0.5118788757682156
742,dude,sitting,-0.5397817427106805
743,dude,smile,-0.4771249698679402
744,dusk,hummingbird,-0.5740530296960353
745,dusk,misty,-0.2897569670704355
746,dye,kiss,-0.5827967492997868
747,eagle,feather,-0.4340637845627682
748,ear,organ,-0.4478881599261221
749,earn,make,-0.4635215560073308
750,ease,relaxation,-0.3674764320501641
751,ease,rest,-0.46008198721106575
752,east,israel,-0.6630580949842777
753,easter,preference,-0.7115162423879114
754,eat,rabbit,-0.39531212485386424
755,eat,soup,-0.24741939373585076
756,eat,truck,-0.7949969125167824
757,educated,learned,-0.5311975571853584
758,effects,effects,-0.0
759,egg,lego,-0.7488751780933804
760,egg,nest,-0.4218411972770886
761,egg,white,-0.4673902410891746
762,eight,movement,-0.8747004527935005
763,element,mixture,-0.6917070847104607
764,element,situation,-0.48939733054414447
765,elephant,giraffe,-0.1625193356095994
766,emission,gum,-0.762131428021027
767,endeavor,worst,-0.752554958549874
768,enemy,strike,-0.5366702662291889
769,enforcing,execute,-0.6232703221118618
770,engine,gasoline,-0.51532582414502
771,engineering,technology,-0.18032022418489047
772,english,french,-0.36450551410500776
773,enhanced,increased,-0.5199427392082258
774,enjoy,suffering,-0.7861145506081132
775,enterprise,industry,-0.4072724373324178
776,entrance,registration,-0.7184886952422105
777,equipment,seat,-0.7170338900494
778,escalator,railway,-0.4589422512713185
779,escalator,redhead,-0.6711564656099815
780,establishment,establishment,-0.0
781,evaluate,forecast,-0.7381651498470551
782,evening,fun,-0.6308712008071569
783,evening,night,-0.22388979517244367
784,evening,time,-0.5839450161008172
785,event,influence,-0.6536740361787454
786,evidence,format,-0.7042673140873772
787,evidence,record,-0.740724463863345
788,evil,worst,-0.665148263631943
789,evolution,publicity,-0.6086726223028527
790,examination,quiz,-0.5223827261428108
791,executive,organization,-0.7123435467346264
792,exhibit,parade,-0.3559393576763432
793,exhibition,painting,-0.4118223273037188
794,exhibition,soup,-0.8608293846718191
795,expect,think,-0.34893002262943573
796,expectation,possibility,-0.47671977516039443
797,expedition,mystery,-0.5968617527748115
798,explosion,stencil,-0.8608326970713363
799,express,mail,-0.5209345785111645
800,extending,increase,-0.5548727375996069
801,extort,school,-0.8081392967464454
802,eye,face,-0.40604825435326564
803,eye,lip,-0.2393634355567007
804,eye,sky,-0.4362648120639234
805,fabric,lace,-0.16957667351083927
806,fabric,sail,-0.6947860862747579
807,face,stop,-0.5976261381449777
808,face,tear,-0.548784589807827
809,fair,midway,-0.7336991567074501
810,family,town,-0.6224684829241067
811,fantasy,fiction,-0.2456793651912097
812,fantasy,recycling,-0.6742460777310603
813,farm,wind,-0.6765935910357572
814,farmer,individual,-0.7806454736601987
815,fashion,handwriting,-0.6077929454970921
816,fashion,outfit,-0.3292558481764777
817,fauna,toy,-0.6573825618165834
818,fbi,investigation,-0.3151984416029632
819,fear,fear,-0.0
820,feather,flamingo,-0.4076698163177017
821,feather,grey,-0.3751411245726948
822,feather,hummingbird,-0.45118406249158505
823,feather,mallard,-0.5208982953148421
824,feather,nest,-0.42008232810396695
825,feather,sunflower,-0.5259685377041247
826,feedback,flow,-0.5896444920724428
827,feel,friend,-0.7970458685137144
828,feel,stop,-0.6163242311133132
829,feel,tear,-0.7080019071804617
830,feline,kitten,-0.3733468496427744
831,feline,kitty,-0.33622583390833394
832,feline,nut,-0.656324666286338
833,feline,pumpkin,-0.6949278503832721
834,feline,reptile,-0.4141785338259437
835,female,old,-0.5155897041349495
836,female,square,-0.7645448518406568
837,festival,gate,-0.6575010196043825
838,festival,music,-0.39046201841243466
839,fiction,romance,-0.24120487195748752
840,field,handle,-0.714769261921349
841,field,play,-0.41845872509297666
842,field,science,-0.6539356824812413
843,fighting,resist,-0.6427029679452181
844,filing,formations,-0.8368837288530218
845,filled,filled,-0.0
846,find,occurrence,-0.6141878492034446
847,fine,precise,-0.6363077863622312
848,finger,toe,-0.2606934859576824
849,fingerprint,football,-0.9214799289799218
850,fire,flame,-0.34273139711907563
851,fish,fishing,-0.4806455367330411
852,fishing,shore,-0.2494425268682099
853,fishing,word,-0.8078914030306763
854,five,month,-0.6336107378720519
855,flame,peacock,-0.5575278200151731
856,flame,reaction,-0.7891344389878363
857,flat,housing,-0.7130695492544676
858,fleet,travel,-0.5566492326131621
859,flight,plane,-0.16384316126433418
860,flight,shoot,-0.6394503525499551
861,flood,flood,-0.0
862,flood,line,-0.6316887228514283
863,floor,interior,-0.46238746135275743
864,floor,stair,-0.30361322665376633
865,flour,garlic,-0.16682136037484396
866,flower,foliage,-0.18671529598380865
867,flower,garden,-0.20651413248851058
868,flower,lily,-0.23781690834351876
869,flower,petal,-0.32155354902658695
870,flower,spring,-0.3451898815140412
871,flower,yellow,-0.26816139027914776
872,flush,good,-0.6185615378642095
873,flyer,justice,-0.7504307539924533
874,fog,mist,-0.11790863508251481
875,fog,sunny,-0.3761986988011985
876,foliage,fruit,-0.3892983098253999
877,foliage,garden,-0.3152702350921184
878,foliage,moss,-0.418425454341374
879,foliage,pink,-0.3426445247814969
880,foliage,purple,-0.28960562840235426
881,foliage,violet,-0.3462904782558668
882,followed,tailgate,-0.7251144144553512
883,follower,planet,-0.6951163223452415
884,follower,satellite,-0.8291908009933513
885,food,medium,-0.5864563148345587
886,foot,mural,-0.45926054287601614
887,foot,outdoor,-0.5398294254264384
888,foot,toe,-0.34438083829587796
889,football,justice,-0.8911842972759694
890,footprint,scooter,-0.6396565810299549
891,ford,valley,-0.7953811859114096
892,foreign,nation,-0.56266520814239
893,forest,frog,-0.5562899819963456
894,forest,ground,-0.5142453153837503
895,format,packaging,-0.495069975621265
896,formation,perceive,-0.7334255889288434
897,formation,perform,-0.6595113601500682
898,forward,player,-0.4595742314132871
899,forward,position,-0.6588570603144728
900,forward,transport,-0.8152946789466208
901,foundation,support,-0.5541250902202077
902,fountain,marble,-0.24091596116390057
903,free,skin,-0.7241447863493792
904,frost,lily,-0.43573725788939544
905,frost,weather,-0.48803877245748517
906,frozen,shop,-0.6193548760274392
907,frozen,soup,-0.20963904864333172
908,fruit,orange,-0.22620487840764492
909,fruit,product,-0.5649083004476403
910,fruit,strawberry,-0.19491970131113445
911,fruit,sunflower,-0.23007973518661373
912,fun,haircut,-0.5054940857972879
913,fun,happy,-0.3604823940778511
914,fungi,insect,-0.2975854530419504
915,fungi,mushroom,-0.49495436334721077
916,furnish,impress,-0.5704512164252313
917,furnishing,jumper,-0.8011407868451048
918,gallery,journal,-0.734067432849749
919,gamble,pyramid,-0.5921300745875624
920,game,playoff,-0.152927450943109
921,garage,kitchen,-0.35365317927710316
922,garage,opener,-0.8200021595022601
923,garbage,lunch,-0.697166264249645
924,gardens,sink,-0.6812174902495494
925,gardens,tend,-0.6894269365636063
926,gas,neon,-0.6711793366240721
927,gas,sewer,-0.39510514482122694
928,gasoline,town,-0.8522996984494474
929,gauge,meter,-0.7186450358996861
930,gem,quartz,-0.4148622662421442
931,germany,worst,-0.8416513119982347
932,get,regained,-0.7099845739845025
933,get,start,-0.4639287559524007
934,giraffe,mist,-0.6773910690394647
935,giraffe,zebra,-0.18297568728491487
936,giraffe,zoo,-0.39205588567952454
937,girl,sexy,-0.347847819695399
938,glove,wear,-0.5183055068535616
939,goose,outfit,-0.6057250418468061
940,government,immunity,-0.42864972304864146
941,governor,office,-0.5966375637082029
942,graduate,graduate,-0.0
943,grape,wine,-0.19317849901148054
944,graphic,roof,-0.8168869229375084
945,grass,ski,-0.6697499417681003
946,grass,skull,-0.53337357378624
947,grass,stop,-0.729992321001774
948,grave,memorial,-0.4648382847953769
949,grave,santa,-0.644301790015991
950,grave,shore,-0.6693923602638552
951,graveyard,ruin,-0.49372511919676143
952,gray,property,-0.8248106004763791
953,greater,greater,-0.0
954,greater,large,-0.6454577025184034
955,green,number,-0.8325661018698298
956,green,yellow,-0.09831029812486991
957,greeting,receptions,-0.6324810212428311
958,grey,pink,-0.25957794124860334
959,grey,rusty,-0.4371444336414948
960,grey,white,-0.21275237765756272
961,guardian,livestock,-0.8258087850416627
962,gulf,ms,-0.8966329729965342
963,gun,picture,-0.6882054562695539
964,guy,idea,-0.36526179847960527
965,guy,kid,-0.0830936082892767
966,guy,kiss,-0.4063576791154956
967,guy,people,-0.5794549917218748
968,guy,poodle,-0.5014907069746957
969,guy,sitting,-0.5335872554894151
970,guy,smile,-0.3886145208883678
971,guy,stand,-0.5349825186539008
972,guy,tear,-0.6412643162055521
973,hail,judge,-0.7843071506772414
974,hair,redhead,-0.4613611531758127
975,hair,stencil,-0.6688815646403088
976,hair,wig,-0.16847273214986314
977,hand,left,-0.3928713131239807
978,handle,shop,-0.6742305859015749
979,handle,terrier,-0.8164123808866031
980,hanging,smile,-0.5993753656729615
981,happy,licking,-0.6905688328815576
982,happy,mom,-0.4273687364330665
983,happy,post,-0.8599286310961973
984,happy,sleep,-0.5763090887412586
985,happy,stand,-0.667527172535398
986,happy,stop,-0.7073723878115428
987,happy,time,-0.6403739384860334
988,harbor,sea,-0.22622869862044548
989,harbor,sunk,-0.33804784337157623
990,harbour,ship,-0.45438365295754646
991,harbour,shore,-0.31265341847867223
992,hard,zoo,-0.8609620342587164
993,hat,jacket,-0.1073744714594499
994,hat,jean,-0.5948777095834381
995,hat,peel,-0.6347119178174638
996,hat,role,-0.771374490607041
997,health,welfare,-0.28352960242738934
998,heart,wing,-0.69103215102291
999,heater,stove,-0.22377026084816087
1000,heel,stack,-0.5276687836401832
1001,held,nest,-0.8187917972771628
1002,helix,spiral,-0.27466386024742484
1003,highway,road,-0.10793546210807414
1004,hill,horizon,-0.5968351289630305
1005,hill,mountain,-0.3283389595828784
1006,hill,scenery,-0.6516292030529375
1007,history,recital,-0.5359351967176491
1008,hit,tourist,-0.7645182145539109
1009,hockey,ice,-0.6806554332571746
1010,hockey,play,-0.4098919179222664
1011,holiday,travel,-0.4456423122715565
1012,home,smoking,-0.7330299263754392
1013,honest,sincere,-0.18270511799788447
1014,hood,protection,-0.755225046906257
1015,hope,psychology,-0.7901111432874859
1016,horizon,sky,-0.15903232498059405
1017,horizontal,surface,-0.35018155477336843
1018,hostility,war,-0.5321231018257722
1019,hot,hot,-0.0
1020,hot,sunny,-0.563237205090878
1021,hotel,kill,-0.8623592905486043
1022,hotel,library,-0.49449009266151356
1023,hotel,oak,-0.5648033942494073
1024,house,staircase,-0.45124738850325385
1025,house,windmill,-0.4919734373112755
1026,housing,vault,-0.8464885503401545
1027,hummingbird,rodent,-0.5204711843513306
1028,husky,painting,-0.6308153254843556
1029,image,visualize,-0.3908552790885207
1030,impressive,striking,-0.33993826995191123
1031,industrial,lake,-0.7804936826970179
1032,information,target,-0.6499164446899434
1033,infrastructure,structure,-0.45621811991010863
1034,initial,letter,-0.6699227960509283
1035,injury,wrong,-0.71926659871186
1036,ink,liquid,-0.40364113591419915
1037,ink,organ,-0.7152353023364286
1038,insect,lizard,-0.3545528282526317
1039,installation,zoo,-0.6809310973334075
1040,instruction,lesson,-0.3017104002016935
1041,interest,lien,-0.7057442231917548
1042,interior,object,-0.6270644059447192
1043,interior,paint,-0.5059038896875093
1044,interior,roof,-0.4367661323376766
1045,interior,staircase,-0.4944945344124868
1046,interior,tall,-0.588047242727142
1047,interpretation,twist,-0.4422798773169797
1048,intrigue,romance,-0.22855423320766322
1049,inventory,listing,-0.5328621271199839
1050,invite,requests,-0.6021677487065386
1051,ipod,rope,-0.6898249505502289
1052,iron,robust,-0.7558327833680317
1053,israel,israeli,-0.23243645546222202
1054,israel,terror,-0.42590781043276826
1055,issue,up,-0.7131220975974433
1056,ivy,oak,-0.3583821969062707
1057,jaguar,storm,-0.757134177031956
1058,jamaica,queens,-0.40665454829367254
1059,jazz,play,-0.4987390795233263
1060,jean,shirt,-0.661398793141833
1061,jean,washing,-0.8007763625743634
1062,jellyfish,punk,-0.6520715609319355
1063,jellyfish,texture,-0.6524915712269288
1064,joke,message,-0.552734306656029
1065,journal,writing,-0.5122295857989243
1066,judgment,sense,-0.46253145044035293
1067,jump,stitch,-0.6792181530113603
1068,jump,uniform,-0.756381671883376
1069,jury,school,-0.7898632244599674
1070,justice,official,-0.5245462034456095
1071,juvenile,rope,-0.7579247183737655
1072,key,misty,-0.7559778189242009
1073,key,motor,-0.7122538338455261
1074,keyboard,soldier,-0.8424240593302329
1075,kidnapped,shanghai,-0.7041646239547512
1076,kill,sacrifice,-0.5948469864651813
1077,kill,shot,-0.5275730576478855
1078,kind,soft,-0.573052521964698
1079,kiss,rusty,-0.5601505522169048
1080,kitchen,sleep,-0.6159256527183344
1081,kitchen,stair,-0.48645194783734236
1082,kitchen,washing,-0.28760792082377507
1083,kitten,kitty,-0.18570275010736326
1084,knock,tap,-0.40955975033469527
1085,lad,wizard,-0.29006084533006316
1086,lady,sexy,-0.3741317412853763
1087,lake,scenery,-0.5362773052448492
1088,lake,town,-0.3172546843571189
1089,lamb,lantern,-0.7419592051048718
1090,lamb,number,-0.849757753044041
1091,lamb,snow,-0.6786422503901847
1092,landscape,mountain,-0.46593889555154455
1093,landscape,stadium,-0.674922826132957
1094,lantern,oak,-0.5085988442654306
1095,lapse,suspension,-0.46077718941596135
1096,last,last,-0.0
1097,last,senior,-0.804609522766008
1098,laundering,machine,-0.7883644952913411
1099,law,mosaic,-0.7986551810774138
1100,lawn,sleep,-0.6205797959861494
1101,layer,region,-0.8218686873791713
1102,leaf,nature,-0.7461260572698872
1103,lean,rest,-0.4850573933840785
1104,leap,second,-0.5730604590114754
1105,learned,learned,-0.0
1106,leather,pouch,-0.3597925115793926
1107,leather,sunshine,-0.6790963872347036
1108,leave,pass,-0.4991748302754734
1109,left,morning,-0.7356093502306102
1110,left,walk,-0.5576289629217731
1111,lego,rodent,-0.6651281252833254
1112,lever,machine,-0.37570439902098696
1113,lever,open,-0.5841092847893861
1114,licking,marble,-0.6401819499995377
1115,licking,pier,-0.7032909667025729
1116,licking,puppy,-0.4332634046902585
1117,licking,rusty,-0.5078136728161253
1118,licking,sitting,-0.4884850558508723
1119,lie,line,-0.582978611703102
1120,lie,sun,-0.608260413344424
1121,light,shadow,-0.31171956526161637
1122,light,sleep,-0.6851894602397419
1123,light,sunlight,-0.2222449650918462
1124,lighthouse,wall,-0.49109675577836254
1125,lighting,man,-0.6754320821731211
1126,lighting,stone,-0.43396573809053374
1127,lily,plant,-0.5742502352178969
1128,lily,purple,-0.34263968330790395
1129,lily,tulip,-0.2992615246741881
1130,limb,limb,-0.0
1131,line,street,-0.555993076245566
1132,lion,square,-0.6072316453258784
1133,list,position,-0.6208733710930086
1134,list,post,-0.4918453702201816
1135,list,shopping,-0.5832162203557931
1136,listing,organization,-0.6933749182855342
1137,live,stitch,-0.6689035388854935
1138,location,space,-0.49218711277905125
1139,lock,mannequin,-0.606937293575726
1140,looking,sightseeing,-0.7225923477495331
1141,loss,reducing,-0.6611096223124964
1142,love,romance,-0.2522516936052942
1143,lower,sustain,-0.6223282799219084
1144,lunch,morning,-0.5837183247091005
1145,lunch,sunny,-0.6410220990968167
1146,machine,pond,-0.6113029303832115
1147,machine,sketch,-0.6427510568779047
1148,machine,washing,-0.42705316342792876
1149,magnitude,size,-0.5550848913899971
1150,magnolia,maple,-0.37567055090871815
1151,maker,manufacturer,-0.0310659962555343
1152,makeup,people,-0.8297368367810011
1153,male,man,-0.49005696728684267
1154,manufacture,up,-0.7929820324684864
1155,map,sewing,-0.7807244888455224
1156,map,video,-0.6186322012165735
1157,maple,oak,-0.2659320663701369
1158,marble,postcard,-0.5809737700440555
1159,marble,sing,-0.7659017210482523
1160,market,shop,-0.5170757338401956
1161,market,sweeten,-0.6520757854757553
1162,mars,water,-0.6822650038584246
1163,mask,roof,-0.528154753349892
1164,match,matchstick,-0.7570255944264381
1165,match,play,-0.3349287712681166
1166,matter,text,-0.6417867620372002
1167,mayor,villa,-0.617900468280095
1168,meal,rice,-0.27868453579682273
1169,means,tool,-0.39400512880120464
1170,measure,twist,-0.6891354320552323
1171,meat,moon,-0.7534390558342177
1172,meat,potato,-0.16588918707831268
1173,meat,soup,-0.16894075325799207
1174,medium,organization,-0.8268551616994333
1175,melody,music,-0.2953090237267413
1176,memorial,rope,-0.7158414593800122
1177,memory,operation,-0.6337372618865763
1178,metro,rail,-0.2657742163886203
1179,metro,train,-0.3143613948709485
1180,military,reflection,-0.8207189602588121
1181,military,wasp,-0.7289287685424829
1182,mill,wild,-0.6264307365147574
1183,mill,windmill,-0.3928548010965003
1184,miniature,paint,-0.4403777975610368
1185,miniature,painting,-0.40337515757538733
1186,minister,work,-0.9084537365246773
1187,mirror,raspberry,-0.7650215352916677
1188,mist,sky,-0.24529002435712188
1189,mist,sunny,-0.41698946741081566
1190,misty,sky,-0.29287976912222824
1191,misty,snow,-0.3418353770134879
1192,misty,sunny,-0.3172408570880918
1193,misty,sunrise,-0.34687571463666667
1194,misty,sunshine,-0.261598167883784
1195,model,toe,-0.6739308308168165
1196,mole,spy,-0.6064990111517541
1197,moment,thief,-0.66833204039709
1198,money,pile,-0.7401269772244548
1199,money,quota,-0.6580727133765725
1200,monster,rock,-0.3787039586594305
1201,month,year,-0.21007219102457297
1202,moon,mushroom,-0.6113541084838818
1203,morning,sunrise,-0.18799067131972014
1204,morning,sunshine,-0.39667704905279133
1205,mortal,mother,-0.6106621091962574
1206,moss,plant,-0.6373073482526115
1207,mother,mother,-0.0
1208,mother,mother-in-law,-0.12468874041990974
1209,mother,pregnant,-0.2283981431539952
1210,mother,yeast,-0.8400239025789673
1211,motion,step,-0.47569488031914464
1212,motto,volunteer,-0.5859705506784642
1213,mouth,tongue,-0.13288919828470402
1214,move,shifting,-0.5323258809538689
1215,move,spread,-0.6623943156222736
1216,move,swell,-0.5700862578851844
1217,mozart,wagner,-0.4936900835910488
1218,museum,swim,-0.7640519719899033
1219,music,musician,-0.4108003806496505
1220,music,print,-0.5936719101873753
1221,music,track,-0.7131571402094238
1222,musical,solo,-0.3878675112175245
1223,nail,rusty,-0.3382265992524399
1224,nation,spanish,-0.7012591264220184
1225,native,rhodes,-0.5683398698623474
1226,necklace,snow,-0.7004578154608643
1227,nest,wasp,-0.3807176817482256
1228,noodle,pigeon,-0.44704385467424235
1229,novel,story,-0.2537100504344173
1230,nude,painting,-0.35465667230597975
1231,nurse,nurse,-0.0
1232,nut,sunflower,-0.2788951065591836
1233,observation,radio,-0.6845320237217171
1234,observe,violating,-0.5956765225286911
1235,obvious,plain,-0.6291362512489946
1236,obvious,room,-0.8595390474811941
1237,occasion,second,-0.7222423820648165
1238,occupation,place,-0.7315392930722168
1239,ocean,pacific,-0.2427521786491006
1240,ocean,underwater,-0.2931261901742209
1241,ocean,water,-0.429805975402768
1242,old,race,-0.6786978538111048
1243,old,seat,-0.542527327025043
1244,operation,operation,-0.0
1245,opinion,sentiment,-0.31141927385378976
1246,orange,peel,-0.2480994608515109
1247,orange,raspberry,-0.16296882613758146
1248,orange,shop,-0.5654446816844476
1249,origami,stadium,-0.7749416278888344
1250,origin,root,-0.5395314313671098
1251,out,sent,-0.7897984192926872
1252,outdoor,pool,-0.2833898220392854
1253,outdoor,swimming,-0.3242041017019833
1254,outfit,sign,-0.6946570810497741
1255,outfit,sock,-0.3819336514951812
1256,overflow,sewer,-0.3619772216088849
1257,pain,suffering,-0.12739830076707181
1258,paint,picture,-0.5308701835523155
1259,paint,portrait,-0.5368412799374105
1260,painting,sculpture,-0.15622745422791262
1261,palace,ruin,-0.6337933742798456
1262,panorama,scenery,-0.2728663443889242
1263,panorama,view,-0.2606054795548234
1264,panorama,zoo,-0.6116278949067342
1265,paper,railway,-0.7611791525589586
1266,paper,vine,-0.6400236748326515
1267,papers,security,-0.6340455536467067
1268,park,parking,-0.35721752116618866
1269,part,relation,-0.43216827077027176
1270,party,seat,-0.6385231126043824
1271,pass,ticket,-0.648532239915725
1272,pass,topping,-0.7490772511647845
1273,passage,quotation,-0.47858830362611227
1274,passing,passing,-0.0
1275,path,star,-0.7486430901232206
1276,patio,sleep,-0.624480457793419
1277,patio,stair,-0.4174002606911087
1278,patio,staircase,-0.31164184068235823
1279,patio,woman,-0.7212306697191186
1280,pavilion,terrace,-0.2189351332738374
1281,paw,theatre,-0.7226715528350316
1282,peel,skin,-0.26680828277116975
1283,pennsylvania,writer,-0.7323835175554241
1284,people,wounded,-0.525712813338008
1285,pepper,potato,-0.17658810464473218
1286,pepper,tomato,-0.08240300161345082
1287,person,tiger,-0.7029884859913533
1288,personnel,police,-0.3480362978223662
1289,persuasion,weapon,-0.5808812289301526
1290,petal,shade,-0.4283701088115901
1291,photo,photography,-0.3556820196621515
1292,photograph,still,-0.6437118028117802
1293,photographer,portrait,-0.40712156749819617
1294,photographer,wedding,-0.576611080643596
1295,piano,wolf,-0.6097367136523791
1296,pigeon,round,-0.7323828848147056
1297,pillow,stone,-0.4822863516492988
1298,pink,skirt,-0.17300222253529796
1299,pink,white,-0.12045240694644355
1300,place,place,-0.0
1301,place,siphon,-0.7032328551891317
1302,plain,report,-0.801151965752871
1303,plant,seed,-0.4557624118184792
1304,plant,skate,-0.8377409532001663
1305,play,rail,-0.8327248437377309
1306,play,sign,-0.5918386111415119
1307,play,thousand,-0.7341729150935651
1308,player,slave,-0.6901389437903899
1309,pledge,promise,-0.23895445505266888
1310,plot,strategy,-0.49428598156852743
1311,point,second,-0.350944444606782
1312,point,spot,-0.3687847543818369
1313,point,tennis,-0.7702546094742055
1314,point,trouble,-0.574951280612219
1315,poll,poll,-0.0
1316,pond,water,-0.34940021022452483
1317,poodle,puppy,-0.21016426171495384
1318,poodle,terrier,-0.15090099872765927
1319,pool,relax,-0.5451973223386246
1320,porch,roof,-0.27932646052759114
1321,porch,scooter,-0.6065316099263998
1322,porch,staircase,-0.3247653233296879
1323,portrait,underground,-0.7576559713800121
1324,potato,rice,-0.1250127538724981
1325,president,president,-0.0
1326,price,price,-0.0
1327,principle,principle,-0.0
1328,privilege,rich,-0.6453697515069142
1329,production,production,-0.0
1330,profiling,racism,-0.2923405177281403
1331,protection,roof,-0.7941004239156934
1332,protest,tile,-0.8632725842525172
1333,publish,show,-0.5699053728083989
1334,pug,puppy,-0.22642592126210337
1335,punk,vinyl,-0.4962169483846346
1336,puppy,skyline,-0.7780753196025676
1337,purple,violet,-0.13321964940037934
1338,pyramid,speculation,-0.7778937649961171
1339,quality,romance,-0.6219114714576603
1340,queen,queen,-0.0
1341,race,racing,-0.2532137197889077
1342,race,square,-0.7187191402758284
1343,radical,role,-0.5258992921689063
1344,rail,train,-0.14391094221422185
1345,railroad,underground,-0.3552999693626947
1346,railway,station,-0.24634543289298705
1347,rain,wet,-0.4516662043589508
1348,raise,shoulders,-0.8124498213255862
1349,raising,upbringing,-0.5636121182687426
1350,raspberry,sweet,-0.17525091635598544
1351,read,reading,-0.19768970142589026
1352,rebel,soldier,-0.4290711971381418
1353,rebel,young,-0.8074662617207242
1354,recognize,succeed,-0.48127566533382815
1355,record,score,-0.32860541702651014
1356,record,write,-0.7033884028524654
1357,red,shade,-0.31821041957197826
1358,red,stripe,-0.2525224466402335
1359,redhead,rusty,-0.5259946888747054
1360,relax,sitting,-0.47932592285786113
1361,relief,total,-0.6090384623893398
1362,religion,remedy,-0.6194411283150436
1363,religion,trinity,-0.6058729383962675
1364,report,study,-0.387666051921042
1365,reptile,vacation,-0.7469552370291154
1366,reservation,reservation,-0.0
1367,resistance,resistance,-0.0
1368,reverse,reverse,-0.0
1369,rice,yellow,-0.4400042198303773
1370,ripple,shadow,-0.5345257317076524
1371,ripple,wave,-0.31045977619385223
1372,river,valley,-0.20651011626383053
1373,river,waterfall,-0.3262750475612912
1374,robbery,rolling,-0.8472845065972123
1375,rod,rod,-0.0
1376,role,title,-0.6437405488371184
1377,rolling,sound,-0.5595972881353286
1378,room,sitting,-0.2776861567950326
1379,root,stem,-0.32326490092756255
1380,rope,shore,-0.5959660030201646
1381,rose,rose,-0.0
1382,round,shape,-0.6751779973034773
1383,row,terrace,-0.44771844784319137
1384,rub,wipe,-0.2203784531848446
1385,ruin,stone,-0.5014530919231267
1386,ruin,town,-0.6597104804571574
1387,running,sprint,-0.5330685859787065
1388,rusty,shade,-0.477505682905044
1389,rusty,stand,-0.5484916393925765
1390,saddle,soap,-0.5335288576721263
1391,sail,sheet,-0.6072366233839734
1392,sailing,sunk,-0.39994662152977956
1393,sake,shade,-0.6621665369569474
1394,satellite,solar,-0.42934956629389376
1395,scenery,trail,-0.4414751495806354
1396,school,welsh,-0.6704486171977329
1397,sea,shore,-0.17708947318401058
1398,sea,submarine,-0.35974379389381017
1399,sea,water,-0.4246085254539038
1400,season,winter,-0.469369954757465
1401,seize,take,-0.40021318366719005
1402,series,string,-0.48815976795539806
1403,sex,sex,-0.0
1404,sexy,smile,-0.46217818919610987
1405,shade,tree,-0.2576272472267974
1406,shade,whale,-0.6008466412538243
1407,shadow,sunlight,-0.3229179485375867
1408,shape,square,-0.5767215216877016
1409,sheet,sheet,-0.0
1410,shining,work,-0.7061965390564919
1411,ship,spouse,-0.8122198081732168
1412,shirt,tiger,-0.6742889774074423
1413,shopping,store,-0.2718839950377758
1414,shore,swim,-0.3865100956102987
1415,shore,town,-0.3598783519351141
1416,shore,valley,-0.44789702365716433
1417,short,trading,-0.7311452717430311
1418,sight,vision,-0.4220393727313094
1419,sign,sign,-0.0
1420,silence,still,-0.40224632449000286
1421,single,sole,-0.40596897148645483
1422,sitting,sleep,-0.446619389875224
1423,situation,things,-0.3924699467482524
1424,skate,vehicle,-0.7696694335273148
1425,skating,sticker,-0.8129707074343538
1426,skin,skin,-0.0
1427,sky,sunlight,-0.24823784440759733
1428,skyline,view,-0.3729231052930351
1429,slash,stroke,-0.5791960817892753
1430,slave,worker,-0.48790660780999384
1431,sleeping,waking,-0.2957395044177935
1432,small,valley,-0.5761535268043427
1433,small,village,-0.5379368282492184
1434,smile,time,-0.6559679148769746
1435,smile,view,-0.6313676185834092
1436,smile,walk,-0.5941030951924353
1437,smoking,sunny,-0.6841861525369015
1438,snap,touch,-0.3672993765871837
1439,sock,stocking,-0.38724773633428333
1440,solstice,summer,-0.42698774445964605
1441,song,vocal,-0.2126823550126158
1442,speech,word,-0.43554192158816185
1443,spin,sweat,-0.5444183375864801
1444,spiral,staircase,-0.3063307491862124
1445,spread,spread,-0.0
1446,square,town,-0.42711346944612616
1447,stamp,weave,-0.6158017955073258
1448,stand,tear,-0.5102524146823124
1449,stand,walk,-0.4000665661541858
1450,star,star,-0.0
1451,star,storm,-0.738048451786129
1452,steel,wing,-0.6271739703860253
1453,step,travel,-0.7547120964801666
1454,step,walk,-0.5447686613655935
1455,step,wind,-0.6805493150796547
1456,sticker,track,-0.6526494396706535
1457,stock,stock,-0.0
1458,storm,thunderstorm,-0.20167736614935716
1459,straight,stretch,-0.41069481558131804
1460,strains,trouble,-0.5568132324078459
1461,stream,waterfall,-0.3709756252045676
1462,stripe,train,-0.7192891307763001
1463,stripe,violet,-0.25997123149344903
1464,subway,underground,-0.26842962657832836
1465,subway,valentine,-0.7982515960057873
1466,sun,sun,-0.0
1467,sun,sunburst,-0.5613732412095185
1468,sun,sunlight,-0.14090807041252806
1469,sun,sunshine,-0.16384996784301187
1470,sunlight,thriller,-0.7049181004361125
1471,sunny,weather,-0.3341628724644923
1472,sunny,wet,-0.490065497799998
1473,sunshine,weather,-0.3190011231306171
1474,support,trace,-0.6613230441351508
1475,surface,territory,-0.6527275006248563
1476,surfer,wave,-0.5462497202546419
1477,tall,wool,-0.47887797093320716
1478,tenure,term,-0.35864777449935203
1479,thing,thing,-0.0
1480,ticket,writing,-0.7446602825285864
1481,tops,tops,-0.0
1482,touch,upset,-0.6236520504639056
1483,tour,travel,-0.450733344259056
1484,traffic,traffic,-0.0
1485,train,train,-0.0
1486,travel,travel,-0.0
1487,travel,wandering,-0.6105699819913419
1488,tunnel,underground,-0.23267681039924737
1489,type,write,-0.5997315635521276
1490,valley,village,-0.29121757967526196
1491,van,vine,-0.7018377343189073
1492,violet,white,-0.2564792653291462
1493,violet,yellow,-0.24060986697046582
1494,washer,worker,-0.7349042594296218
1495,water,water,-0.0
1496,ways,ways,-0.0
1497,weather,winter,-0.3109562357732566
1498,wednesday,weekday,-0.64952749738511
1499,word,word,-0.0
